<?xml version='1.0' encoding='ISO-8859-1' ?>
<!-- $Date: 2012-05-27 15:43:26 $ -->

<toc version="1.0">

<tocitem target="index.html" image="$toolbox/matlab/icons/book_mat.gif">Toolbox
<tocitem target="main_methods\index.html" image="$toolbox/matlab/icons/help_fx.png">Functions
	<tocitem target="main_methods\abrupt_events.html" image="$toolbox/matlab/icons/help_fx.png">abrupt_events</tocitem>
		<tocitem target="main_methods\abrupt_lms.html" image="$toolbox/matlab/icons/help_fx.png">abrupt_lms</tocitem>
		<tocitem target="main_methods\band_energies.html" image="$toolbox/matlab/icons/help_fx.png">band_energies</tocitem>
		<tocitem target="main_methods\cepgram.html" image="$toolbox/matlab/icons/help_fx.png">cepgram</tocitem>
		<tocitem target="main_methods\estnoisesgram.html" image="$toolbox/matlab/icons/help_fx.png">estnoisesgram</tocitem>
		<tocitem target="main_methods\estnoisesig.html" image="$toolbox/matlab/icons/help_fx.png">estnoisesig</tocitem>
		<tocitem target="main_methods\landmarks.html" image="$toolbox/matlab/icons/help_fx.png">landmarks</tocitem>
		<tocitem target="main_methods\lm2inutt.html" image="$toolbox/matlab/icons/help_fx.png">lm2inutt</tocitem>
		<tocitem target="main_methods\lm2voicing.html" image="$toolbox/matlab/icons/help_fx.png">lm2voicing</tocitem>
		<tocitem target="main_methods\lm_codes.html" image="$toolbox/matlab/icons/help_fx.png">lm_codes</tocitem>
		<tocitem target="main_methods\lm_count.html" image="$toolbox/matlab/icons/help_fx.png">lm_count</tocitem>
		<tocitem target="main_methods\lm_draw.html" image="$toolbox/matlab/icons/help_fx.png">lm_draw</tocitem>
		<tocitem target="main_methods\lm_duration.html" image="$toolbox/matlab/icons/help_fx.png">lm_duration</tocitem>
		<tocitem target="main_methods\lm_features.html" image="$toolbox/matlab/icons/help_fx.png">lm_features</tocitem>
		<tocitem target="main_methods\lm_hmfilt.html" image="$toolbox/matlab/icons/help_fx.png">lm_hmfilt</tocitem>
		<tocitem target="main_methods\lm_isvoiced.html" image="$toolbox/matlab/icons/help_fx.png">lm_isvoiced</tocitem>
		<tocitem target="main_methods\lm_labels.html" image="$toolbox/matlab/icons/help_fx.png">lm_labels</tocitem>
		<tocitem target="main_methods\lm_signal_nogaps.html" image="$toolbox/matlab/icons/help_fx.png">lm_signal_nogaps</tocitem>
		<tocitem target="main_methods\lm_structarr.html" image="$toolbox/matlab/icons/help_fx.png">lm_structarr</tocitem>
		<tocitem target="main_methods\lm_syl_count.html" image="$toolbox/matlab/icons/help_fx.png">lm_syl_count</tocitem>
		<tocitem target="main_methods\lm_sylfilter.html" image="$toolbox/matlab/icons/help_fx.png">lm_sylfilter</tocitem>
		<tocitem target="main_methods\lm_sylvots.html" image="$toolbox/matlab/icons/help_fx.png">lm_sylvots</tocitem>
		<tocitem target="main_methods\lm_totalvoiced.html" image="$toolbox/matlab/icons/help_fx.png">lm_totalvoiced</tocitem>
		<tocitem target="main_methods\lm_totalvot.html" image="$toolbox/matlab/icons/help_fx.png">lm_totalvot</tocitem>
		<tocitem target="main_methods\lm_utt_count.html" image="$toolbox/matlab/icons/help_fx.png">lm_utt_count</tocitem>
		<tocitem target="main_methods\lm_vowelarea.html" image="$toolbox/matlab/icons/help_fx.png">lm_vowelarea</tocitem>
		<tocitem target="main_methods\lm_vowelcount.html" image="$toolbox/matlab/icons/help_fx.png">lm_vowelcount</tocitem>
		<tocitem target="main_methods\lmstreamSig.html" image="$toolbox/matlab/icons/help_fx.png">lmstreamSig</tocitem>
		<tocitem target="main_methods\lmstreamer.html" image="$toolbox/matlab/icons/help_fx.png">lmstreamer</tocitem>
		<tocitem target="main_methods\pitch_track.html" image="$toolbox/matlab/icons/help_fx.png">pitch_track</tocitem>
		<tocitem target="main_methods\pitch_utt.html" image="$toolbox/matlab/icons/help_fx.png">pitch_utt</tocitem>
		<tocitem target="main_methods\read_lms.html" image="$toolbox/matlab/icons/help_fx.png">read_lms</tocitem>
		<tocitem target="main_methods\smmlt_version.html" image="$toolbox/matlab/icons/help_fx.png">smmlt_version</tocitem>
		<tocitem target="main_methods\std_env.html" image="$toolbox/matlab/icons/help_fx.png">std_env</tocitem>
		<tocitem target="main_methods\std_env0.html" image="$toolbox/matlab/icons/help_fx.png">std_env0</tocitem>
		<tocitem target="main_methods\std_hpfilt.html" image="$toolbox/matlab/icons/help_fx.png">std_hpfilt</tocitem>
		<tocitem target="main_methods\std_lm_bands.html" image="$toolbox/matlab/icons/help_fx.png">std_lm_bands</tocitem>
		<tocitem target="main_methods\std_lm_hplim.html" image="$toolbox/matlab/icons/help_fx.png">std_lm_hplim</tocitem>
		<tocitem target="main_methods\std_maxf0.html" image="$toolbox/matlab/icons/help_fx.png">std_maxf0</tocitem>
		<tocitem target="main_methods\syl_lms.html" image="$toolbox/matlab/icons/help_fx.png">syl_lms</tocitem>
		<tocitem target="main_methods\utt_lms.html" image="$toolbox/matlab/icons/help_fx.png">utt_lms</tocitem>
		<tocitem target="main_methods\voicedregion_lms.html" image="$toolbox/matlab/icons/help_fx.png">voicedregion_lms</tocitem>
		<tocitem target="main_methods\vowel_lms.html" image="$toolbox/matlab/icons/help_fx.png">vowel_lms</tocitem>
		<tocitem target="main_methods\vowel_segs_full.html" image="$toolbox/matlab/icons/help_fx.png">vowel_segs_full</tocitem>
		<tocitem target="main_methods\vowel_segs_std.html" image="$toolbox/matlab/icons/help_fx.png">vowel_segs_std</tocitem>
		<tocitem target="main_methods\write_lms.html" image="$toolbox/matlab/icons/help_fx.png">write_lms</tocitem></tocitem>
		<tocitem target="smdemos\index.html" image="HelpIcon.EXAMPLES">Demos
    <tocitem target="smdemos\demo1.html" image="HelpIcon.EXAMPLES">Demo #1</tocitem>
    <tocitem target="smdemos\demo2.html" image="HelpIcon.EXAMPLES">Demo #2</tocitem>
</tocitem>
</tocitem>

</toc>
